Workbook

Sheet 202603～5月
A1: 序号 | B1: 软件名称 | C1: 版本号 | D1: 装载日期 | E1: 操作类型 | F1: 目标名称 | G1: 目标IP | H1: 操作人员 | I1: 操作验证 | J1: 验证人员 | K1: 备注
A2: 1 | B2: 智能调服务 | C2: 1.2.2 | D2: 46092.917 | E2: 更新 | G2: 10.46.102.85、10.46.102.86 | H2: 李金山 | I2: 正常 | J2: 林子旺 | K2: 监控综合应用平台2026年3月11日功能升级申请
A3: 2 | B3: 省内工单服务 | C3: 1.5.2 | D3: 46114.917 | E3: 更新 | G3: 10.44.225.197、10.43.118.48、10.43.118.47、10.44.225.30、10.44.225.31、10.44.225.33 | H3: 姚翔 | I3: 正常 | J3: 林子旺 | K3: 监控综合应用平台2026年4月2日功能升级申请
A4: 3 | B4: 智能调服务 | C4: 1.2.3 | D4: 46114.917 | E4: 更新 | G4: 10.46.102.85、10.46.102.86 | H4: 李金山 | I4: 正常 | J4: 林子旺 | K4: 监控综合应用平台2026年4月2日功能升级申请
A5: 4 | B5: 省内工单服务 | C5: 1.5.3 | D5: 46127.917 | E5: 更新 | G5: 10.44.225.197、10.43.118.48、10.43.118.47、10.44.225.30、10.44.225.31、10.44.225.33 | H5: 姚翔 | I5: 正常 | J5: 林子旺 | K5: 监控综合应用平台2026年4月15日功能升级申请
A6: 5 | B6: 智能调服务 | C6: 1.2.4 | D6: 46127.917 | E6: 更新 | G6: 10.46.102.85、10.46.102.86 | H6: 李金山 | I6: 正常 | J6: 林子旺 | K6: 监控综合应用平台2026年4月15日功能升级申请
A7: 6 | B7: 智能调服务 | C7: 1.2.5 | D7: 46135.917 | E7: 更新 | G7: 10.46.102.85、10.46.102.86 | H7: 李金山 | I7: 正常 | J7: 林子旺 | K7: 监控综合应用平台2026年4月23日功能升级申请
A8: 7 | B8: 省内工单服务 | C8: 1.5.4 | D8: 46135.917 | E8: 更新 | G8: 10.44.225.197、10.43.118.48、10.43.118.47、10.44.225.30、10.44.225.31、10.44.225.33 | H8: 姚翔 | I8: 正常 | J8: 林子旺 | K8: 监控综合应用平台2026年4月23日功能升级申请
A9: 8 | B9: 智能调服务 | C9: 1.2.6 | D9: 46149.917 | E9: 更新 | G9: 10.46.102.85、10.46.102.86 | H9: 李金山 | I9: 正常 | J9: 林子旺 | K9: 监控综合应用平台2026年5月7日功能升级申请
A10: 9 | B10: 省内工单服务 | C10: 1.5.5 | D10: 46149.917 | E10: 更新 | G10: 10.44.225.197、10.43.118.48、10.43.118.47、10.44.225.30、10.44.225.31、10.44.225.33 | H10: 姚翔 | I10: 正常 | J10: 林子旺 | K10: 监控综合应用平台2026年5月7日功能升级申请
A11: 10 | B11: 智能调服务 | C11: 1.2.7 | D11: 46162.917 | E11: 更新 | G11: 10.46.102.85、10.46.102.86 | H11: 李金山 | I11: 正常 | J11: 林子旺 | K11: 监控综合应用平台2026年5月20日功能升级申请

Sheet 版本号计算
A1: 序号 | B1: 软件名称 | C1: 版本号 | D1: 装载日期 | E1: 操作类型 | F1: 目标名称 | G1: 目标IP | H1: 操作人员 | I1: 操作验证 | J1: 验证人员 | K1: 备注 | L1: 迭代次数 N | M1: 首次初始版本 | N1: 计算小数 | O1: 版本计算 | P1: 标准版本号
A2: 1 | B2: 省内工单服务 | C2: 1.4.6 | D2: 45846.917 | E2: 更新 | G2: 10.44.225.197、10.43.118.48、10.43.118.47、10.44.225.30、10.44.225.31、10.44.225.33 | H2: 吴世祥 | I2: 正常 | J2: 林子旺 | K2: 监控综合应用平台2025年7月8日功能升级申请 | L2: =COUNTIF($B$2:B2,B2)-1 -> 0 | M2: =IFERROR(VLOOKUP(B2,初始版本号!$A:$B,2,0),"未匹配软件") -> 1.4.6 | N2: =IFERROR(LEFT(M2,FIND(".",M2)-1)+MID(M2,FIND(".",M2)+1,FIND(".",M2,FIND(".",M2)+1)-FIND(".",M2)-1)/10+RIGHT(M2,LEN(M2)-FIND(".",M2,FIND(".",M2)+1))/100,0) -> 1.46 | O2: =IFERROR(N2+L2*0.01,0) -> 1.46 | P2: =IF(O2=0,"无版本",INT(O2)&"."&INT(MOD(O2,1)*10)&"."&MOD(INT(MOD(O2,1)*100),10)) -> 1.4.6
A3: 2 | B3: 省内工单服务 | C3: 1.4.7 | D3: 45862.917 | E3: 更新 | G3: 10.44.225.197、10.43.118.48、10.43.118.47、10.44.225.30、10.44.225.31、10.44.225.33 | H3: 吴世祥 | I3: 正常 | J3: 林子旺 | K3: 监控综合应用平台2025年7月24日功能升级申请 | L3: =COUNTIF($B$2:B3,B3)-1 -> 1 | M3: =IFERROR(VLOOKUP(B3,初始版本号!$A:$B,2,0),"未匹配软件") -> 1.4.6 | N3: =IFERROR(LEFT(M3,FIND(".",M3)-1)+MID(M3,FIND(".",M3)+1,FIND(".",M3,FIND(".",M3)+1)-FIND(".",M3)-1)/10+RIGHT(M3,LEN(M3)-FIND(".",M3,FIND(".",M3)+1))/100,0) -> 1.46 | O3: =IFERROR(N3+L3*0.01,0) -> 1.47 | P3: =IF(O3=0,"无版本",INT(O3)&"."&INT(MOD(O3,1)*10)&"."&MOD(INT(MOD(O3,1)*100),10)) -> 1.4.7
A4: 3 | B4: 告警数据采集 | C4: 1.1.5 | D4: 45862.917 | E4: 更新 | G4: 10.43.118.45、10.43.118.46、10.44.225.116 | H4: 高胜永 | I4: 正常 | J4: 林子旺 | K4: 监控综合应用平台2025年7月24日功能升级申请 | L4: =COUNTIF($B$2:B4,B4)-1 -> 0 | M4: =IFERROR(VLOOKUP(B4,初始版本号!$A:$B,2,0),"未匹配软件") -> 1.1.5 | N4: =IFERROR(LEFT(M4,FIND(".",M4)-1)+MID(M4,FIND(".",M4)+1,FIND(".",M4,FIND(".",M4)+1)-FIND(".",M4)-1)/10+RIGHT(M4,LEN(M4)-FIND(".",M4,FIND(".",M4)+1))/100,0) -> 1.15 | O4: =IFERROR(N4+L4*0.01,0) -> 1.15 | P4: =IF(O4=0,"无版本",INT(O4)&"."&INT(MOD(O4,1)*10)&"."&MOD(INT(MOD(O4,1)*100),10)) -> 1.1.5
A5: 4 | B5: 重定义服务 | C5: 1.1.5 | D5: 45862.917 | E5: 更新 | G5: 10.43.118.45、10.43.118.46、10.44.225.116 | H5: 高胜永 | I5: 正常 | J5: 林子旺 | K5: 监控综合应用平台2025年7月24日功能升级申请 | L5: =COUNTIF($B$2:B5,B5)-1 -> 0 | M5: =IFERROR(VLOOKUP(B5,初始版本号!$A:$B,2,0),"未匹配软件") -> 1.1.5 | N5: =IFERROR(LEFT(M5,FIND(".",M5)-1)+MID(M5,FIND(".",M5)+1,FIND(".",M5,FIND(".",M5)+1)-FIND(".",M5)-1)/10+RIGHT(M5,LEN(M5)-FIND(".",M5,FIND(".",M5)+1))/100,0) -> 1.15 | O5: =IFERROR(N5+L5*0.01,0) -> 1.15 | P5: =IF(O5=0,"无版本",INT(O5)&"."&INT(MOD(O5,1)*10)&"."&MOD(INT(MOD(O5,1)*100),10)) -> 1.1.5
A6: 5 | B6: 产品重定义服务 | C6: 1.1.5 | D6: 45862.917 | E6: 更新 | G6: 10.43.118.45、10.43.118.46、10.44.225.116 | H6: 高胜永 | I6: 正常 | J6: 林子旺 | K6: 监控综合应用平台2025年7月24日功能升级申请 | L6: =COUNTIF($B$2:B6,B6)-1 -> 0 | M6: =IFERROR(VLOOKUP(B6,初始版本号!$A:$B,2,0),"未匹配软件") -> 1.1.5 | N6: =IFERROR(LEFT(M6,FIND(".",M6)-1)+MID(M6,FIND(".",M6)+1,FIND(".",M6,FIND(".",M6)+1)-FIND(".",M6)-1)/10+RIGHT(M6,LEN(M6)-FIND(".",M6,FIND(".",M6)+1))/100,0) -> 1.15 | O6: =IFERROR(N6+L6*0.01,0) -> 1.15 | P6: =IF(O6=0,"无版本",INT(O6)&"."&INT(MOD(O6,1)*10)&"."&MOD(INT(MOD(O6,1)*100),10)) -> 1.1.5
A7: 6 | B7: 实例化es入库 | C7: 1.1.5 | D7: 45862.917 | E7: 更新 | G7: 10.43.118.45、10.43.118.46、10.44.225.116 | H7: 高胜永 | I7: 正常 | J7: 林子旺 | K7: 监控综合应用平台2025年7月24日功能升级申请 | L7: =COUNTIF($B$2:B7,B7)-1 -> 0 | M7: =IFERROR(VLOOKUP(B7,初始版本号!$A:$B,2,0),"未匹配软件") -> 1.1.8 | N7: =IFERROR(LEFT(M7,FIND(".",M7)-1)+MID(M7,FIND(".",M7)+1,FIND(".",M7,FIND(".",M7)+1)-FIND(".",M7)-1)/10+RIGHT(M7,LEN(M7)-FIND(".",M7,FIND(".",M7)+1))/100,0) -> 1.18 | O7: =IFERROR(N7+L7*0.01,0) -> 1.18 | P7: =IF(O7=0,"无版本",INT(O7)&"."&INT(MOD(O7,1)*10)&"."&MOD(INT(MOD(O7,1)*100),10)) -> 1.1.8
A8: 7 | B8: 规则匹配服务 | C8: 1.1.5 | D8: 45862.917 | E8: 更新 | G8: 10.43.118.45、10.43.118.46、10.44.225.116 | H8: 高胜永 | I8: 正常 | J8: 林子旺 | K8: 监控综合应用平台2025年7月24日功能升级申请 | L8: =COUNTIF($B$2:B8,B8)-1 -> 0 | M8: =IFERROR(VLOOKUP(B8,初始版本号!$A:$B,2,0),"未匹配软件") -> 1.1.5 | N8: =IFERROR(LEFT(M8,FIND(".",M8)-1)+MID(M8,FIND(".",M8)+1,FIND(".",M8,FIND(".",M8)+1)-FIND(".",M8)-1)/10+RIGHT(M8,LEN(M8)-FIND(".",M8,FIND(".",M8)+1))/100,0) -> 1.15 | O8: =IFERROR(N8+L8*0.01,0) -> 1.15 | P8: =IF(O8=0,"无版本",INT(O8)&"."&INT(MOD(O8,1)*10)&"."&MOD(INT(MOD(O8,1)*100),10)) -> 1.1.5
A9: 8 | B9: 事件查询服务 | C9: 1.1.5 | D9: 45862.917 | E9: 更新 | G9: 10.43.118.45、10.43.118.46、10.44.225.116 | H9: 高胜永 | I9: 正常 | J9: 林子旺 | K9: 监控综合应用平台2025年7月24日功能升级申请 | L9: =COUNTIF($B$2:B9,B9)-1 -> 0 | M9: =IFERROR(VLOOKUP(B9,初始版本号!$A:$B,2,0),"未匹配软件") -> 1.1.5 | N9: =IFERROR(LEFT(M9,FIND(".",M9)-1)+MID(M9,FIND(".",M9)+1,FIND(".",M9,FIND(".",M9)+1)-FIND(".",M9)-1)/10+RIGHT(M9,LEN(M9)-FIND(".",M9,FIND(".",M9)+1))/100,0) -> 1.15 | O9: =IFERROR(N9+L9*0.01,0) -> 1.15 | P9: =IF(O9=0,"无版本",INT(O9)&"."&INT(MOD(O9,1)*10)&"."&MOD(INT(MOD(O9,1)*100),10)) -> 1.1.5
A10: 9 | B10: 省内工单服务 | C10: 1.4.8 | D10: 45875.917 | E10: 更新 | G10: 10.44.225.197、10.43.118.48、10.43.118.47、10.44.225.30、10.44.225.31、10.44.225.33 | H10: 吴世祥 | I10: 正常 | J10: 林子旺 | K10: 监控综合应用平台2025年8月6日功能升级申请 | L10: =COUNTIF($B$2:B10,B10)-1 -> 2 | M10: =IFERROR(VLOOKUP(B10,初始版本号!$A:$B,2,0),"未匹配软件") -> 1.4.6 | N10: =IFERROR(LEFT(M10,FIND(".",M10)-1)+MID(M10,FIND(".",M10)+1,FIND(".",M10,FIND(".",M10)+1)-FIND(".",M10)-1)/10+RIGHT(M10,LEN(M10)-FIND(".",M10,FIND(".",M10)+1))/100,0) -> 1.46 | O10: =IFERROR(N10+L10*0.01,0) -> 1.48 | P10: =IF(O10=0,"无版本",INT(O10)&"."&INT(MOD(O10,1)*10)&"."&MOD(INT(MOD(O10,1)*100),10)) -> 1.4.8
A11: 10 | B11: 告警数据采集 | C11: 1.1.6 | D11: 45875.917 | E11: 更新 | G11: 10.43.118.45、10.43.118.46、10.44.225.116 | H11: 高胜永 | I11: 正常 | J11: 林子旺 | K11: 监控综合应用平台2025年8月6日功能升级申请 | L11: =COUNTIF($B$2:B11,B11)-1 -> 1 | M11: =IFERROR(VLOOKUP(B11,初始版本号!$A:$B,2,0),"未匹配软件") -> 1.1.5 | N11: =IFERROR(LEFT(M11,FIND(".",M11)-1)+MID(M11,FIND(".",M11)+1,FIND(".",M11,FIND(".",M11)+1)-FIND(".",M11)-1)/10+RIGHT(M11,LEN(M11)-FIND(".",M11,FIND(".",M11)+1))/100,0) -> 1.15 | O11: =IFERROR(N11+L11*0.01,0) -> 1.16 | P11: =IF(O11=0,"无版本",INT(O11)&"."&INT(MOD(O11,1)*10)&"."&MOD(INT(MOD(O11,1)*100),10)) -> 1.1.6
A12: 11 | B12: 重定义服务 | C12: 1.1.6 | D12: 45875.917 | E12: 更新 | G12: 10.43.118.45、10.43.118.46、10.44.225.116 | H12: 高胜永 | I12: 正常 | J12: 林子旺 | K12: 监控综合应用平台2025年8月6日功能升级申请 | L12: =COUNTIF($B$2:B12,B12)-1 -> 1 | M12: =IFERROR(VLOOKUP(B12,初始版本号!$A:$B,2,0),"未匹配软件") -> 1.1.5 | N12: =IFERROR(LEFT(M12,FIND(".",M12)-1)+MID(M12,FIND(".",M12)+1,FIND(".",M12,FIND(".",M12)+1)-FIND(".",M12)-1)/10+RIGHT(M12,LEN(M12)-FIND(".",M12,FIND(".",M12)+1))/100,0) -> 1.15 | O12: =IFERROR(N12+L12*0.01,0) -> 1.16 | P12: =IF(O12=0,"无版本",INT(O12)&"."&INT(MOD(O12,1)*10)&"."&MOD(INT(MOD(O12,1)*100),10)) -> 1.1.6
A13: 12 | B13: 产品重定义服务 | C13: 1.1.6 | D13: 45875.917 | E13: 更新 | G13: 10.43.118.45、10.43.118.46、10.44.225.116 | H13: 高胜永 | I13: 正常 | J13: 林子旺 | K13: 监控综合应用平台2025年8月6日功能升级申请 | L13: =COUNTIF($B$2:B13,B13)-1 -> 1 | M13: =IFERROR(VLOOKUP(B13,初始版本号!$A:$B,2,0),"未匹配软件") -> 1.1.5 | N13: =IFERROR(LEFT(M13,FIND(".",M13)-1)+MID(M13,FIND(".",M13)+1,FIND(".",M13,FIND(".",M13)+1)-FIND(".",M13)-1)/10+RIGHT(M13,LEN(M13)-FIND(".",M13,FIND(".",M13)+1))/100,0) -> 1.15 | O13: =IFERROR(N13+L13*0.01,0) -> 1.16 | P13: =IF(O13=0,"无版本",INT(O13)&"."&INT(MOD(O13,1)*10)&"."&MOD(INT(MOD(O13,1)*100),10)) -> 1.1.6
... A37: 14 | B37: nacos | C37: 2.5.2 | D37: 46007.917 | E37: 迁移 | G37: 10.43.52.58、10.43.52.59、10.43.149.199 | H37: 张保全 | I37: 正常 | J37: 林子旺 | K37: 监控综合应用平台2025年12月4日功能升级申请 | L37: =COUNTIF($B$2:B37,B37)-1 -> 0 | M37: =IFERROR(VLOOKUP(B37,初始版本号!$A:$B,2,0),"未匹配软件") -> 2.5.2 | N37: =IFERROR(LEFT(M37,FIND(".",M37)-1)+MID(M37,FIND(".",M37)+1,FIND(".",M37,FIND(".",M37)+1)-FIND(".",M37)-1)/10+RIGHT(M37,LEN(M37)-FIND(".",M37,FIND(".",M37)+1))/100,0) -> 2.52 | O37: =IFERROR(N37+L37*0.01,0) -> 2.52 | P37: =IF(O37=0,"无版本",INT(O37)&"."&INT(MOD(O37,1)*10)&"."&MOD(INT(MOD(O37,1)*100),10)) -> 2.5.2
A38: 1 | B38: 省内工单服务 | C38: =INT(O38)&"."&INT(MOD(O38,1)*10)&"."&MOD(INT(MOD(O38,1)*100),10) -> 1.5.0 | D38: 42377.917 | E38: 更新 | G38: =VLOOKUP(B38,软件名称和目标IP!$B$1:$C$99,2,FALSE) -> 10.44.225.197、10.43.118.48、10.43.118.47、10.44.225.30、10.44.225.31、10.44.225.33 | H38: =VLOOKUP(B38,软件名称和目标IP!$B$1:$D$99,3,FALSE) -> 姚翔 | I38: 正常 | J38: 林子旺 | K38: ="监控综合应用平台2026年"&MONTH(D38)&"月"&DAY(D38)&"日功能升级申请" -> 监控综合应用平台2026年1月8日功能升级申请 | L38: =COUNTIF($B$2:B38,B38)-1 -> 4 | M38: =IFERROR(VLOOKUP(B38,初始版本号!$A:$B,2,0),"未匹配软件") -> 1.4.6 | N38: =IFERROR(LEFT(M38,FIND(".",M38)-1)+MID(M38,FIND(".",M38)+1,FIND(".",M38,FIND(".",M38)+1)-FIND(".",M38)-1)/10+RIGHT(M38,LEN(M38)-FIND(".",M38,FIND(".",M38)+1))/100,0) -> 1.46 | O38: =IFERROR(N38+L38*0.01,0) -> 1.5 | P38: =IF(O38=0,"无版本",INT(O38)&"."&INT(MOD(O38,1)*10)&"."&MOD(INT(MOD(O38,1)*100),10)) -> 1.5.0
A39: 2 | B39: 分级调服务 | C39: =INT(O39)&"."&INT(MOD(O39,1)*10)&"."&MOD(INT(MOD(O39,1)*100),10) -> 1.1.7 | D39: 42377.917 | E39: 更新 | G39: =VLOOKUP(B39,软件名称和目标IP!$B$1:$C$99,2,FALSE) -> 10.43.52.51、10.43.52.52、10.43.52.53、10.43.52.54 | H39: =VLOOKUP(B39,软件名称和目标IP!$B$1:$D$99,3,FALSE) -> 高胜永 | I39: 正常 | J39: 林子旺 | K39: ="监控综合应用平台2026年"&MONTH(D39)&"月"&DAY(D39)&"日功能升级申请" -> 监控综合应用平台2026年1月8日功能升级申请 | L39: =COUNTIF($B$2:B39,B39)-1 -> 0 | M39: =IFERROR(VLOOKUP(B39,初始版本号!$A:$B,2,0),"未匹配软件") -> 1.1.7 | N39: =IFERROR(LEFT(M39,FIND(".",M39)-1)+MID(M39,FIND(".",M39)+1,FIND(".",M39,FIND(".",M39)+1)-FIND(".",M39)-1)/10+RIGHT(M39,LEN(M39)-FIND(".",M39,FIND(".",M39)+1))/100,0) -> 1.17 | O39: =IFERROR(N39+L39*0.01,0) -> 1.17 | P39: =IF(O39=0,"无版本",INT(O39)&"."&INT(MOD(O39,1)*10)&"."&MOD(INT(MOD(O39,1)*100),10)) -> 1.1.7
A40: 3 | B40: 智能调服务 | C40: =INT(O40)&"."&INT(MOD(O40,1)*10)&"."&MOD(INT(MOD(O40,1)*100),10) -> 1.1.7 | D40: 42377.917 | E40: 更新 | G40: =VLOOKUP(B40,软件名称和目标IP!$B$1:$C$99,2,FALSE) -> 10.46.102.85、10.46.102.86 | H40: =VLOOKUP(B40,软件名称和目标IP!$B$1:$D$99,3,FALSE) -> 李金山 | I40: 正常 | J40: 林子旺 | K40: ="监控综合应用平台2026年"&MONTH(D40)&"月"&DAY(D40)&"日功能升级申请" -> 监控综合应用平台2026年1月8日功能升级申请 | L40: =COUNTIF($B$2:B40,B40)-1 -> 0 | M40: =IFERROR(VLOOKUP(B40,初始版本号!$A:$B,2,0),"未匹配软件") -> 1.1.7 | N40: =IFERROR(LEFT(M40,FIND(".",M40)-1)+MID(M40,FIND(".",M40)+1,FIND(".",M40,FIND(".",M40)+1)-FIND(".",M40)-1)/10+RIGHT(M40,LEN(M40)-FIND(".",M40,FIND(".",M40)+1))/100,0) -> 1.17 | O40: =IFERROR(N40+L40*0.01,0) -> 1.17 | P40: =IF(O40=0,"无版本",INT(O40)&"."&INT(MOD(O40,1)*10)&"."&MOD(INT(MOD(O40,1)*100),10)) -> 1.1.7
A41: 4 | B41: 智能调服务 | C41: =INT(O41)&"."&INT(MOD(O41,1)*10)&"."&MOD(INT(MOD(O41,1)*100),10) -> 1.1.8 | D41: 42388.917 | E41: 更新 | G41: =VLOOKUP(B41,软件名称和目标IP!$B$1:$C$99,2,FALSE) -> 10.46.102.85、10.46.102.86 | H41: =VLOOKUP(B41,软件名称和目标IP!$B$1:$D$99,3,FALSE) -> 李金山 | I41: 正常 | J41: 林子旺 | K41: ="监控综合应用平台2026年"&MONTH(D41)&"月"&DAY(D41)&"日功能升级申请" -> 监控综合应用平台2026年1月19日功能升级申请 | L41: =COUNTIF($B$2:B41,B41)-1 -> 1 | M41: =IFERROR(VLOOKUP(B41,初始版本号!$A:$B,2,0),"未匹配软件") -> 1.1.7 | N41: =IFERROR(LEFT(M41,FIND(".",M41)-1)+MID(M41,FIND(".",M41)+1,FIND(".",M41,FIND(".",M41)+1)-FIND(".",M41)-1)/10+RIGHT(M41,LEN(M41)-FIND(".",M41,FIND(".",M41)+1))/100,0) -> 1.17 | O41: =IFERROR(N41+L41*0.01,0) -> 1.18 | P41: =IF(O41=0,"无版本",INT(O41)&"."&INT(MOD(O41,1)*10)&"."&MOD(INT(MOD(O41,1)*100),10)) -> 1.1.8
A42: 5 | B42: 移动易运维 | C42: =INT(O42)&"."&INT(MOD(O42,1)*10)&"."&MOD(INT(MOD(O42,1)*100),10) -> 1.1.1 | D42: 42388.917 | E42: 更新 | G42: =VLOOKUP(B42,软件名称和目标IP!$B$1:$C$99,2,FALSE) -> 10.43.52.58、10.43.52.59、10.43.149.199 | H42: =VLOOKUP(B42,软件名称和目标IP!$B$1:$D$99,3,FALSE) -> 张保全 | I42: 正常 | J42: 林子旺 | K42: ="监控综合应用平台2026年"&MONTH(D42)&"月"&DAY(D42)&"日功能升级申请" -> 监控综合应用平台2026年1月19日功能升级申请 | L42: =COUNTIF($B$2:B42,B42)-1 -> 0 | M42: =IFERROR(VLOOKUP(B42,初始版本号!$A:$B,2,0),"未匹配软件") -> 1.1.1 | N42: =IFERROR(LEFT(M42,FIND(".",M42)-1)+MID(M42,FIND(".",M42)+1,FIND(".",M42,FIND(".",M42)+1)-FIND(".",M42)-1)/10+RIGHT(M42,LEN(M42)-FIND(".",M42,FIND(".",M42)+1))/100,0) -> 1.11 | O42: =IFERROR(N42+L42*0.01,0) -> 1.11 | P42: =IF(O42=0,"无版本",INT(O42)&"."&INT(MOD(O42,1)*10)&"."&MOD(INT(MOD(O42,1)*100),10)) -> 1.1.1
A43: 6 | B43: 复盘服务 | C43: =INT(O43)&"."&INT(MOD(O43,1)*10)&"."&MOD(INT(MOD(O43,1)*100),10) -> 1.1.1 | D43: 42391.917 | E43: 更新 | G43: =VLOOKUP(B43,软件名称和目标IP!$B$1:$C$99,2,FALSE) -> 10.44.225.30、10.44.225.31、10.44.225.33、10.46.102.83、10.46.102.84 | H43: =VLOOKUP(B43,软件名称和目标IP!$B$1:$D$99,3,FALSE) -> 金文辉 | I43: 正常 | J43: 林子旺 | K43: ="监控综合应用平台2026年"&MONTH(D43)&"月"&DAY(D43)&"日功能升级申请" -> 监控综合应用平台2026年1月22日功能升级申请 | L43: =COUNTIF($B$2:B43,B43)-1 -> 0 | M43: =IFERROR(VLOOKUP(B43,初始版本号!$A:$B,2,0),"未匹配软件") -> 1.1.1 | N43: =IFERROR(LEFT(M43,FIND(".",M43)-1)+MID(M43,FIND(".",M43)+1,FIND(".",M43,FIND(".",M43)+1)-FIND(".",M43)-1)/10+RIGHT(M43,LEN(M43)-FIND(".",M43,FIND(".",M43)+1))/100,0) -> 1.11 | O43: =IFERROR(N43+L43*0.01,0) -> 1.11 | P43: =IF(O43=0,"无版本",INT(O43)&"."&INT(MOD(O43,1)*10)&"."&MOD(INT(MOD(O43,1)*100),10)) -> 1.1.1
A44: 7 | B44: 告警数据采集 | C44: =INT(O44)&"."&INT(MOD(O44,1)*10)&"."&MOD(INT(MOD(O44,1)*100),10) -> 1.1.9 | D44: 42391.917 | E44: 更新 | G44: =VLOOKUP(B44,软件名称和目标IP!$B$1:$C$99,2,FALSE) -> 10.43.118.45、10.43.118.46、10.44.225.116 | H44: =VLOOKUP(B44,软件名称和目标IP!$B$1:$D$99,3,FALSE) -> 高胜永 | I44: 正常 | J44: 林子旺 | K44: ="监控综合应用平台2026年"&MONTH(D44)&"月"&DAY(D44)&"日功能升级申请" -> 监控综合应用平台2026年1月22日功能升级申请 | L44: =COUNTIF($B$2:B44,B44)-1 -> 4 | M44: =IFERROR(VLOOKUP(B44,初始版本号!$A:$B,2,0),"未匹配软件") -> 1.1.5 | N44: =IFERROR(LEFT(M44,FIND(".",M44)-1)+MID(M44,FIND(".",M44)+1,FIND(".",M44,FIND(".",M44)+1)-FIND(".",M44)-1)/10+RIGHT(M44,LEN(M44)-FIND(".",M44,FIND(".",M44)+1))/100,0) -> 1.15 | O44: =IFERROR(N44+L44*0.01,0) -> 1.19 | P44: =IF(O44=0,"无版本",INT(O44)&"."&INT(MOD(O44,1)*10)&"."&MOD(INT(MOD(O44,1)*100),10)) -> 1.1.9
A45: 8 | B45: 省内工单服务 | C45: =INT(O45)&"."&INT(MOD(O45,1)*10)&"."&MOD(INT(MOD(O45,1)*100),10) -> 1.5.1 | D45: 42391.917 | E45: 更新 | G45: =VLOOKUP(B45,软件名称和目标IP!$B$1:$C$99,2,FALSE) -> 10.44.225.197、10.43.118.48、10.43.118.47、10.44.225.30、10.44.225.31、10.44.225.33 | H45: =VLOOKUP(B45,软件名称和目标IP!$B$1:$D$99,3,FALSE) -> 姚翔 | I45: 正常 | J45: 林子旺 | K45: ="监控综合应用平台2026年"&MONTH(D45)&"月"&DAY(D45)&"日功能升级申请" -> 监控综合应用平台2026年1月22日功能升级申请 | L45: =COUNTIF($B$2:B45,B45)-1 -> 5 | M45: =IFERROR(VLOOKUP(B45,初始版本号!$A:$B,2,0),"未匹配软件") -> 1.4.6 | N45: =IFERROR(LEFT(M45,FIND(".",M45)-1)+MID(M45,FIND(".",M45)+1,FIND(".",M45,FIND(".",M45)+1)-FIND(".",M45)-1)/10+RIGHT(M45,LEN(M45)-FIND(".",M45,FIND(".",M45)+1))/100,0) -> 1.46 | O45: =IFERROR(N45+L45*0.01,0) -> 1.51 | P45: =IF(O45=0,"无版本",INT(O45)&"."&INT(MOD(O45,1)*10)&"."&MOD(INT(MOD(O45,1)*100),10)) -> 1.5.1
A46: 9 | B46: 集团工单服务 | C46: =INT(O46)&"."&INT(MOD(O46,1)*10)&"."&MOD(INT(MOD(O46,1)*100),10) -> 1.1.1 | D46: 42391.917 | E46: 更新 | G46: =VLOOKUP(B46,软件名称和目标IP!$B$1:$C$99,2,FALSE) -> 10.44.225.32、10.44.225.39、10.46.102.90、10.46.102.91、10.46.102.92 | H46: =VLOOKUP(B46,软件名称和目标IP!$B$1:$D$99,3,FALSE) -> 金文辉 | I46: 正常 | J46: 林子旺 | K46: ="监控综合应用平台2026年"&MONTH(D46)&"月"&DAY(D46)&"日功能升级申请" -> 监控综合应用平台2026年1月22日功能升级申请 | L46: =COUNTIF($B$2:B46,B46)-1 -> 0 | M46: =IFERROR(VLOOKUP(B46,初始版本号!$A:$B,2,0),"未匹配软件") -> 1.1.1 | N46: =IFERROR(LEFT(M46,FIND(".",M46)-1)+MID(M46,FIND(".",M46)+1,FIND(".",M46,FIND(".",M46)+1)-FIND(".",M46)-1)/10+RIGHT(M46,LEN(M46)-FIND(".",M46,FIND(".",M46)+1))/100,0) -> 1.11 | O46: =IFERROR(N46+L46*0.01,0) -> 1.11 | P46: =IF(O46=0,"无版本",INT(O46)&"."&INT(MOD(O46,1)*10)&"."&MOD(INT(MOD(O46,1)*100),10)) -> 1.1.1
A47: 10 | B47: 分级调服务 | C47: =INT(O47)&"."&INT(MOD(O47,1)*10)&"."&MOD(INT(MOD(O47,1)*100),10) -> 1.1.8 | D47: 42391.917 | E47: 更新 | G47: =VLOOKUP(B47,软件名称和目标IP!$B$1:$C$99,2,FALSE) -> 10.43.52.51、10.43.52.52、10.43.52.53、10.43.52.54 | H47: =VLOOKUP(B47,软件名称和目标IP!$B$1:$D$99,3,FALSE) -> 高胜永 | I47: 正常 | J47: 林子旺 | K47: ="监控综合应用平台2026年"&MONTH(D47)&"月"&DAY(D47)&"日功能升级申请" -> 监控综合应用平台2026年1月22日功能升级申请 | L47: =COUNTIF($B$2:B47,B47)-1 -> 1 | M47: =IFERROR(VLOOKUP(B47,初始版本号!$A:$B,2,0),"未匹配软件") -> 1.1.7 | N47: =IFERROR(LEFT(M47,FIND(".",M47)-1)+MID(M47,FIND(".",M47)+1,FIND(".",M47,FIND(".",M47)+1)-FIND(".",M47)-1)/10+RIGHT(M47,LEN(M47)-FIND(".",M47,FIND(".",M47)+1))/100,0) -> 1.17 | O47: =IFERROR(N47+L47*0.01,0) -> 1.18 | P47: =IF(O47=0,"无版本",INT(O47)&"."&INT(MOD(O47,1)*10)&"."&MOD(INT(MOD(O47,1)*100),10)) -> 1.1.8
A48: 11 | B48: 智能调服务 | C48: =INT(O48)&"."&INT(MOD(O48,1)*10)&"."&MOD(INT(MOD(O48,1)*100),10) -> 1.1.9 | D48: 42391.917 | E48: 更新 | G48: =VLOOKUP(B48,软件名称和目标IP!$B$1:$C$99,2,FALSE) -> 10.46.102.85、10.46.102.86 | H48: =VLOOKUP(B48,软件名称和目标IP!$B$1:$D$99,3,FALSE) -> 李金山 | I48: 正常 | J48: 林子旺 | K48: ="监控综合应用平台2026年"&MONTH(D48)&"月"&DAY(D48)&"日功能升级申请" -> 监控综合应用平台2026年1月22日功能升级申请 | L48: =COUNTIF($B$2:B48,B48)-1 -> 2 | M48: =IFERROR(VLOOKUP(B48,初始版本号!$A:$B,2,0),"未匹配软件") -> 1.1.7 | N48: =IFERROR(LEFT(M48,FIND(".",M48)-1)+MID(M48,FIND(".",M48)+1,FIND(".",M48,FIND(".",M48)+1)-FIND(".",M48)-1)/10+RIGHT(M48,LEN(M48)-FIND(".",M48,FIND(".",M48)+1))/100,0) -> 1.17 | O48: =IFERROR(N48+L48*0.01,0) -> 1.19 | P48: =IF(O48=0,"无版本",INT(O48)&"."&INT(MOD(O48,1)*10)&"."&MOD(INT(MOD(O48,1)*100),10)) -> 1.1.9
A49: 12 | B49: 智能调服务 | C49: =INT(O49)&"."&INT(MOD(O49,1)*10)&"."&MOD(INT(MOD(O49,1)*100),10) -> 1.2.0 | D49: 42402.917 | E49: 更新 | G49: =VLOOKUP(B49,软件名称和目标IP!$B$1:$C$99,2,FALSE) -> 10.46.102.85、10.46.102.86 | H49: =VLOOKUP(B49,软件名称和目标IP!$B$1:$D$99,3,FALSE) -> 李金山 | I49: 正常 | J49: 林子旺 | K49: ="监控综合应用平台2026年"&MONTH(D49)&"月"&DAY(D49)&"日功能升级申请" -> 监控综合应用平台2026年2月2日功能升级申请 | L49: =COUNTIF($B$2:B49,B49)-1 -> 3 | M49: =IFERROR(VLOOKUP(B49,初始版本号!$A:$B,2,0),"未匹配软件") -> 1.1.7 | N49: =IFERROR(LEFT(M49,FIND(".",M49)-1)+MID(M49,FIND(".",M49)+1,FIND(".",M49,FIND(".",M49)+1)-FIND(".",M49)-1)/10+RIGHT(M49,LEN(M49)-FIND(".",M49,FIND(".",M49)+1))/100,0) -> 1.17 | O49: =IFERROR(N49+L49*0.01,0) -> 1.2 | P49: =IF(O49=0,"无版本",INT(O49)&"."&INT(MOD(O49,1)*10)&"."&MOD(INT(MOD(O49,1)*100),10)) -> 1.2.0
... A60: 10 | B60: 智能调服务 | C60: =INT(O60)&"."&INT(MOD(O60,1)*10)&"."&MOD(INT(MOD(O60,1)*100),10) -> 1.2.7 | D60: 42510.917 | E60: 更新 | G60: =VLOOKUP(B60,软件名称和目标IP!$B$1:$C$99,2,FALSE) -> 10.46.102.85、10.46.102.86 | H60: =VLOOKUP(B60,软件名称和目标IP!$B$1:$D$99,3,FALSE) -> 李金山 | I60: 正常 | J60: 林子旺 | K60: ="监控综合应用平台2026年"&MONTH(D60)&"月"&DAY(D60)&"日功能升级申请" -> 监控综合应用平台2026年5月20日功能升级申请 | L60: =COUNTIF($B$2:B60,B60)-1 -> 10 | M60: =IFERROR(VLOOKUP(B60,初始版本号!$A:$B,2,0),"未匹配软件") -> 1.1.7 | N60: =IFERROR(LEFT(M60,FIND(".",M60)-1)+MID(M60,FIND(".",M60)+1,FIND(".",M60,FIND(".",M60)+1)-FIND(".",M60)-1)/10+RIGHT(M60,LEN(M60)-FIND(".",M60,FIND(".",M60)+1))/100,0) -> 1.17 | O60: =IFERROR(N60+L60*0.01,0) -> 1.27 | P60: =IF(O60=0,"无版本",INT(O60)&"."&INT(MOD(O60,1)*10)&"."&MOD(INT(MOD(O60,1)*100),10)) -> 1.2.7

Sheet 初始版本号
A1: 软件名称 | B1: 初始化基准版本
A2: 省内工单服务 | B2: 1.4.6
A3: 告警数据采集 | B3: 1.1.5
A4: 重定义服务 | B4: 1.1.5
A5: 产品重定义服务 | B5: 1.1.5
A6: 实例化 es 入库 | B6: 1.1.5
A7: 规则匹配服务 | B7: 1.1.5
A8: 事件查询服务 | B8: 1.1.5
A9: 事件工单 | B9: 1.5.0
A10: 产品业务事件监控 | B10: 1.8.3
A11: nacos | B11: 2.5.2
A12: 分级调服务 | B12: 1.1.7
... A17: 实例化es入库 | B17: 1.1.8

Sheet 软件名称和目标IP
A1: 序号 | B1: 软件名称 | C1: 目标IP | D1: 操作人员 | E1: 版本号
A2: =ROW()-1 -> 1 | B2: 省内工单服务 | C2: 10.44.225.197、10.43.118.48、10.43.118.47、10.44.225.30、10.44.225.31、10.44.225.33 | D2: 姚翔 | E2: 1.4.7
A3: =ROW()-1 -> 2 | B3: 告警数据采集 | C3: 10.43.118.45、10.43.118.46、10.44.225.116 | D3: 高胜永 | E3: 1.1.7
A4: =ROW()-1 -> 3 | B4: 重定义服务 | C4: 10.43.118.45、10.43.118.46、10.44.225.116 | D4: 高胜永 | E4: 1.1.7
A5: =ROW()-1 -> 4 | B5: 产品重定义服务 | C5: 10.43.118.45、10.43.118.46、10.44.225.116 | D5: 高胜永 | E5: 1.1.7
A6: =ROW()-1 -> 5 | B6: 实例化es入库 | C6: 10.43.118.45、10.43.118.46、10.44.225.116 | D6: 高胜永 | E6: 1.1.7
A7: =ROW()-1 -> 6 | B7: 规则匹配服务 | C7: 10.43.118.45、10.43.118.46、10.44.225.116 | D7: 高胜永 | E7: 1.1.7
A8: =ROW()-1 -> 7 | B8: 事件查询服务 | C8: 10.43.118.45、10.43.118.46、10.44.225.116 | D8: 高胜永 | E8: 1.1.7
A9: =ROW()-1 -> 8 | B9: 分级调服务 | C9: 10.43.52.51、10.43.52.52、10.43.52.53、10.43.52.54 | D9: 高胜永 | E9: 1.1.7
A10: =ROW()-1 -> 9 | B10: 智能调服务 | C10: 10.46.102.85、10.46.102.86 | D10: 李金山 | E10: 1.1.7
A11: =ROW()-1 -> 10 | B11: 移动易运维 | C11: 10.43.52.58、10.43.52.59、10.43.149.199 | D11: 张保全 | E11: 1.1.1
A12: =ROW()-1 -> 11 | B12: nacos | C12: 10.43.52.58、10.43.52.59、10.43.149.199 | D12: 张保全 | E12: 2.5.2
A13: =ROW()-1 -> 12 | B13: 集团工单服务 | C13: 10.44.225.32、10.44.225.39、10.46.102.90、10.46.102.91、10.46.102.92 | D13: 金文辉 | E13: 1.1.1
A14: =ROW()-1 -> 13 | B14: 复盘服务 | C14: 10.44.225.30、10.44.225.31、10.44.225.33、10.46.102.83、10.46.102.84 | D14: 金文辉 | E14: 1.1.1
