Workbook

Sheet 202603～5月
A1: 序号 | B1: 软件名称 | C1: 版本号 | D1: 装载日期 | E1: 操作类型 | F1: 目标名称 | G1: 目标IP | H1: 操作人员 | I1: 操作验证 | J1: 验证人员 | K1: 备注 | L1: 迭代次数 N | M1: 首次初始版本 | N1: 计算小数 | O1: 版本计算 | P1: 标准版本号
A2: 1 | B2: 智能调服务 | C2: =IF(O2=0,"无版本",INT(O2)&"."&INT(MOD(O2,1)*10)&"."&MOD(INT(MOD(O2,1)*10),10) | D2: 2026/3/11 22:00 | E2: 更新 | G2: =VLOOKUP(B2,软件名称和目标IP!$B:$F,3,FALSE) | H2: =VLOOKUP(B2,软件名称和目标IP!$B:$F,4,FALSE) | I2: 正常 | J2: =VLOOKUP(B2,软件名称和目标IP!$B:$F,6,FALSE) | K2: ="监控综合应用平台"&YEAR(D2)&"月"&DAY(D2)&"日功能升级申请" | L2: =COUNTIF($B$2:B2,B2)-1 | M2: =IFERROR(VLOOKUP(B2,初始版本号!$A:$B,2,0),"未匹配软件") | N2: =IFERROR(LEFT(M2,FIND(".",M2)-1)+MID(M2,FIND(".",M2)+1,FIND(".",M2,FIND(".",M2)+1)-FIND(".",M2)-1)/10+RIGHT(M2,LEN(M2)-FIND(".",M2,FIND(".",M2)+1))/100,0) | O2: =IFERROR(N2+L2*0.01,0) | P2: =IF(O2=0,"无版本",INT(O2)&"."&INT(MOD(O2,1)*10)&"."&MOD(INT(MOD(O2,1)*10),10))
A3: 2 | B3: 智能调服务 | C3: =IF(O3=0,"无版本",INT(O3)&"."&INT(MOD(O3,1)*10)&"."&MOD(INT(MOD(O3,1)*10),10) | D3: 2026/4/2 22:00 | E3: 更新 | G3: =VLOOKUP(B3,软件名称和目标IP!$B:$F,3,FALSE) | H3: =VLOOKUP(B3,软件名称和目标IP!$B:$F,4,FALSE) | I3: 正常 | J3: =VLOOKUP(B3,软件名称和目标IP!$B:$F,6,FALSE) | K3: ="监控综合应用平台"&YEAR(D3)&"月"&DAY(D3)&"日功能升级申请" | L3: =COUNTIF($B$2:B3,B3)-1 | M3: =IFERROR(VLOOKUP(B3,初始版本号!$A:$B,2,0),"未匹配软件") | N3: =IFERROR(LEFT(M3,FIND(".",M3)-1)+MID(M3,FIND(".",M3)+1,FIND(".",M3,FIND(".",M3)+1)-FIND(".",M3)-1)/10+RIGHT(M3,LEN(M3)-FIND(".",M3,FIND(".",M3)+1))/100,0) | O3: =IFERROR(N3+L3*0.01,0) | P3: =IF(O3=0,"无版本",INT(O3)&"."&INT(MOD(O3,1)*10)&"."&MOD(INT(MOD(O3,1)*10),10))
A4: 3 | B4: 省内工单服务 | C4: =IF(O4=0,"无版本",INT(O4)&"."&INT(MOD(O4,1)*10)&"."&MOD(INT(MOD(O4,1)*10),10) | D4: 2026/4/15 22:00 | E4: 更新 | G4: =VLOOKUP(B4,软件名称和目标IP!$B:$F,3,FALSE) | H4: =VLOOKUP(B4,软件名称和目标IP!$B:$F,4,FALSE) | I4: 正常 | J4: =VLOOKUP(B4,软件名称和目标IP!$B:$F,6,FALSE) | K4: ="监控综合应用平台"&YEAR(D4)&"月"&DAY(D4)&"日功能升级申请" | L4: =COUNTIF($B$2:B4,B4)-1 | M4: =IFERROR(VLOOKUP(B4,初始版本号!$A:$B,2,0),"未匹配软件") | N4: =IFERROR(LEFT(M4,FIND(".",M4)-1)+MID(M4,FIND(".",M4)+1,FIND(".",M4,FIND(".",M4)+1)-FIND(".",M4)-1)/10+RIGHT(M4,LEN(M4)-FIND(".",M4,FIND(".",M4)+1))/100,0) | O4: =IFERROR(N4+L4*0.01,0) | P4: =IF(O4=0,"无版本",INT(O4)&"."&INT(MOD(O4,1)*10)&"."&MOD(INT(MOD(O4,1)*10),10))
A5: 4 | B5: 智能调服务 | C5: =IF(O5=0,"无版本",INT(O5)&"."&INT(MOD(O5,1)*10)&"."&MOD(INT(MOD(O5,1)*10),10) | D5: 2026/4/15 22:00 | E5: 更新 | G5: =VLOOKUP(B5,软件名称和目标IP!$B:$F,3,FALSE) | H5: =VLOOKUP(B5,软件名称和目标IP!$B:$F,4,FALSE) | I5: 正常 | J5: =VLOOKUP(B5,软件名称和目标IP!$B:$F,6,FALSE) | K5: ="监控综合应用平台"&YEAR(D5)&"月"&DAY(D5)&"日功能升级申请" | L5: =COUNTIF($B$2:B5,B5)-1 | M5: =IFERROR(VLOOKUP(B5,初始版本号!$A:$B,2,0),"未匹配软件") | N5: =IFERROR(LEFT(M5,FIND(".",M5)-1)+MID(M5,FIND(".",M5)+1,FIND(".",M5,FIND(".",M5)+1)-FIND(".",M5)-1)/10+RIGHT(M5,LEN(M5)-FIND(".",M5,FIND(".",M5)+1))/100,0) | O5: =IFERROR(N5+L5*0.01,0) | P5: =IF(O5=0,"无版本",INT(O5)&"."&INT(MOD(O5,1)*10)&"."&MOD(INT(MOD(O5,1)*10),10))
A6: 5 | B6: 智能调服务 | C6: =IF(O6=0,"无版本",INT(O6)&"."&INT(MOD(O6,1)*10)&"."&MOD(INT(MOD(O6,1)*10),10) | D6: 2026/4/23 22:00 | E6: 更新 | G6: =VLOOKUP(B6,软件名称和目标IP!$B:$F,3,FALSE) | H6: =VLOOKUP(B6,软件名称和目标IP!$B:$F,4,FALSE) | I6: 正常 | J6: =VLOOKUP(B6,软件名称和目标IP!$B:$F,6,FALSE) | K6: ="监控综合应用平台"&YEAR(D6)&"月"&DAY(D6)&"日功能升级申请" | L6: =COUNTIF($B$2:B6,B6)-1 | M6: =IFERROR(VLOOKUP(B6,初始版本号!$A:$B,2,0),"未匹配软件") | N6: =IFERROR(LEFT(M6,FIND(".",M6)-1)+MID(M6,FIND(".",M6)+1,FIND(".",M6,FIND(".",M6)+1)-FIND(".",M6)-1)/10+RIGHT(M6,LEN(M6)-FIND(".",M6,FIND(".",M6)+1))/100,0) | O6: =IFERROR(N6+L6*0.01,0) | P6: =IF(O6=0,"无版本",INT(O6)&"."&INT(MOD(O6,1)*10)&"."&MOD(INT(MOD(O6,1)*10),10))
A7: 6 | B7: 省内工单服务 | C7: =IF(O7=0,"无版本",INT(O7)&"."&INT(MOD(O7,1)*10)&"."&MOD(INT(MOD(O7,1)*10),10) | D7: 2026/5/7 22:00 | E7: 更新 | G7: =VLOOKUP(B7,软件名称和目标IP!$B:$F,3,FALSE) | H7: =VLOOKUP(B7,软件名称和目标IP!$B:$F,4,FALSE) | I7: 正常 | J7: =VLOOKUP(B7,软件名称和目标IP!$B:$F,6,FALSE) | K7: ="监控综合应用平台"&YEAR(D7)&"月"&DAY(D7)&"日功能升级申请" | L7: =COUNTIF($B$2:B7,B7)-1 | M7: =IFERROR(VLOOKUP(B7,初始版本号!$A:$B,2,0),"未匹配软件") | N7: =IFERROR(LEFT(M7,FIND(".",M7)-1)+MID(M7,FIND(".",M7)+1,FIND(".",M7,FIND(".",M7)+1)-FIND(".",M7)-1)/10+RIGHT(M7,LEN(M7)-FIND(".",M7,FIND(".",M7)+1))/100,0) | O7: =IFERROR(N7+L7*0.01,0) | P7: =IF(O7=0,"无版本",INT(O7)&"."&INT(MOD(O7,1)*10)&"."&MOD(INT(MOD(O7,1)*10),10))
A8: 7 | B8: 智能调服务 | C8: =IF(O8=0,"无版本",INT(O8)&"."&INT(MOD(O8,1)*10)&"."&MOD(INT(MOD(O8,1)*10),10) | D8: 2026/5/7 22:00 | E8: 更新 | G8: =VLOOKUP(B8,软件名称和目标IP!$B:$F,3,FALSE) | H8: =VLOOKUP(B8,软件名称和目标IP!$B:$F,4,FALSE) | I8: 正常 | J8: =VLOOKUP(B8,软件名称和目标IP!$B:$F,6,FALSE) | K8: ="监控综合应用平台"&YEAR(D8)&"月"&DAY(D8)&"日功能升级申请" | L8: =COUNTIF($B$2:B8,B8)-1 | M8: =IFERROR(VLOOKUP(B8,初始版本号!$A:$B,2,0),"未匹配软件") | N8: =IFERROR(LEFT(M8,FIND(".",M8)-1)+MID(M8,FIND(".",M8)+1,FIND(".",M8,FIND(".",M8)+1)-FIND(".",M8)-1)/10+RIGHT(M8,LEN(M8)-FIND(".",M8,FIND(".",M8)+1))/100,0) | O8: =IFERROR(N8+L8*0.01,0) | P8: =IF(O8=0,"无版本",INT(O8)&"."&INT(MOD(O8,1)*10)&"."&MOD(INT(MOD(O8,1)*10),10))
A9: 8 | B9: 省内工单服务 | C9: =IF(O9=0,"无版本",INT(O9)&"."&INT(MOD(O9,1)*10)&"."&MOD(INT(MOD(O9,1)*10),10) | D9: 2026/5/20 22:00 | E9: 更新 | G9: =VLOOKUP(B9,软件名称和目标IP!$B:$F,3,FALSE) | H9: =VLOOKUP(B9,软件名称和目标IP!$B:$F,4,FALSE) | I9: 正常 | J9: =VLOOKUP(B9,软件名称和目标IP!$B:$F,6,FALSE) | K9: ="监控综合应用平台"&YEAR(D9)&"月"&DAY(D9)&"日功能升级申请" | L9: =COUNTIF($B$2:B9,B9)-1 | M9: =IFERROR(VLOOKUP(B9,初始版本号!$A:$B,2,0),"未匹配软件") | N9: =IFERROR(LEFT(M9,FIND(".",M9)-1)+MID(M9,FIND(".",M9)+1,FIND(".",M9,FIND(".",M9)+1)-FIND(".",M9)-1)/10+RIGHT(M9,LEN(M9)-FIND(".",M9,FIND(".",M9)+1))/100,0) | O9: =IFERROR(N9+L9*0.01,0) | P9: =IF(O9=0,"无版本",INT(O9)&"."&INT(MOD(O9,1)*10)&"."&MOD(INT(MOD(O9,1)*10),10))
A10: 9 | B10: 智能调服务 | C10: =IF(O10=0,"无版本",INT(O10)&"."&INT(MOD(O10,1)*10)&"."&MOD(INT(MOD(O10,1)*10),10) | D10: 2026/5/20 22:00 | E10: 更新 | G10: =VLOOKUP(B10,软件名称和目标IP!$B:$F,3,FALSE) | H10: =VLOOKUP(B10,软件名称和目标IP!$B:$F,4,FALSE) | I10: 正常 | J10: =VLOOKUP(B10,软件名称和目标IP!$B:$F,6,FALSE) | K10: ="监控综合应用平台"&YEAR(D10)&"月"&DAY(D10)&"日功能升级申请" | L10: =COUNTIF($B$2:B10,B10)-1 | M10: =IFERROR(VLOOKUP(B10,初始版本号!$A:$B,2,0),"未匹配软件") | N10: =IFERROR(LEFT(M10,FIND(".",M10)-1)+MID(M10,FIND(".",M10)+1,FIND(".",M10,FIND(".",M10)+1)-FIND(".",M10)-1)/10+RIGHT(M10,LEN(M10)-FIND(".",M10,FIND(".",M10)+1))/100,0) | O10: =IFERROR(N10+L10*0.01,0) | P10: =IF(O10=0,"无版本",INT(O10)&"."&INT(MOD(O10,1)*10)&"."&MOD(INT(MOD(O10,1)*10),10))

Sheet 版本号计算
A1: 序号 | B1: 软件名称 | C1: 版本号 | D1: 装载日期 | E1: 操作类型 | F1: 目标IP | G1: 操作人员 | H1: 操作验证 | I1: 验证人员 | J1: 备注 | K1: 迭代次数 N | L1: 首次初始版本 | M1: 计算小数 | N1: 版本计算 | O1: 标准版本号
A2: 1 | B2: 智能调服务 | C2: 0.0.0 | D2: 2026/3/11 22:00 | E2: 更新 | F2: 10.46.102.85、10.46.102.86 | G2: =VLOOKUP(B2,软件名称和目标IP!$B:$F,4,FALSE) | H2: 正常 | I2: 林子旺 | J2: ="监控综合应用平台"&YEAR(D2)&"月"&DAY(D2)&"日"&E2&"申请" | K2: =COUNTIF($B$2:B2,B2)-1 | L2: =IFERROR(VLOOKUP(B2,初始版本号!$A:$B,2,0),"未匹配软件") | M2: =IFERROR(LEFT(L2,FIND(".",L2)-1)+MID(L2,FIND(".",L2)+1,FIND(".",L2,FIND(".",L2)+1)-FIND(".",L2)-1)/10+RIGHT(L2,LEN(L2)-FIND(".",L2,FIND(".",L2)+1))/100,0) | N2: =IFERROR(M2+K2*0.01,0) | O2: =IF(N2=0,"无版本",INT(N2)&"."&INT(MOD(N2,1)*10)&"."&MOD(INT(MOD(N2,1)*10),10))
A3: 2 | B3: 智能调服务 | C3: 1.0.0 | D3: 2026/4/2 22:00 | E3: 更新 | F3: 10.46.102.85、10.46.102.86 | G3: =VLOOKUP(B3,软件名称和目标IP!$B:$F,4,FALSE) | H3: 正常 | I3: 林子旺 | J3: ="监控综合应用平台"&YEAR(D3)&"月"&DAY(D3)&"日"&E3&"申请" | K3: =COUNTIF($B$2:B3,B3)-1 | L3: =IFERROR(VLOOKUP(B3,初始版本号!$A:$B,2,0),"未匹配软件") | M3: =IFERROR(LEFT(L3,FIND(".",L3)-1)+MID(L3,FIND(".",L3)+1,FIND(".",L3,FIND(".",L3)+1)-FIND(".",L3)-1)/10+RIGHT(L3,LEN(L3)-FIND(".",L3,FIND(".",L3)+1))/100,0) | N3: =IFERROR(M3+K3*0.01,0) | O3: =IF(N3=0,"无版本",INT(N3)&"."&INT(MOD(N3,1)*10)&"."&MOD(INT(MOD(N3,1)*10),10))
A4: 3 | B4: 省内工单服务 | C4: 0.0.0 | D4: 2026/4/15 22:00 | E4: 更新 | F4: 10.44.225.197、10.43.118.48、10.43.118.47、10.44.225.30、10.44.225.31、10.44.225.33 | G4: =VLOOKUP(B4,软件名称和目标IP!$B:$F,4,FALSE) | H4: 正常 | I4: 林子旺 | J4: ="监控综合应用平台"&YEAR(D4)&"月"&DAY(D4)&"日"&E4&"申请" | K4: =COUNTIF($B$2:B4,B4)-1 | L4: =IFERROR(VLOOKUP(B4,初始版本号!$A:$B,2,0),"未匹配软件") | M4: =IFERROR(LEFT(L4,FIND(".",L4)-1)+MID(L4,FIND(".",L4)+1,FIND(".",L4,FIND(".",L4)+1)-FIND(".",L4)-1)/10+RIGHT(L4,LEN(L4)-FIND(".",L4,FIND(".",L4)+1))/100,0) | N4: =IFERROR(M4+K4*0.01,0) | O4: =IF(N4=0,"无版本",INT(N4)&"."&INT(MOD(N4,1)*10)&"."&MOD(INT(MOD(N4,1)*10),10))
A5: 4 | B5: 智能调服务 | C5: 2.0.0 | D5: 2026/4/15 22:00 | E5: 更新 | F5: 10.46.102.85、10.46.102.86 | G5: =VLOOKUP(B5,软件名称和目标IP!$B:$F,4,FALSE) | H5: 正常 | I5: 林子旺 | J5: ="监控综合应用平台"&YEAR(D5)&"月"&DAY(D5)&"日"&E5&"申请" | K5: =COUNTIF($B$2:B5,B5)-1 | L5: =IFERROR(VLOOKUP(B5,初始版本号!$A:$B,2,0),"未匹配软件") | M5: =IFERROR(LEFT(L5,FIND(".",L5)-1)+MID(L5,FIND(".",L5)+1,FIND(".",L5,FIND(".",L5)+1)-FIND(".",L5)-1)/10+RIGHT(L5,LEN(L5)-FIND(".",L5,FIND(".",L5)+1))/100,0) | N5: =IFERROR(M5+K5*0.01,0) | O5: =IF(N5=0,"无版本",INT(N5)&"."&INT(MOD(N5,1)*10)&"."&MOD(INT(MOD(N5,1)*10),10))
A6: 5 | B6: 智能调服务 | C6: 3.0.0 | D6: 2026/4/23 22:00 | E6: 更新 | F6: 10.46.102.85、10.46.102.86 | G6: =VLOOKUP(B6,软件名称和目标IP!$B:$F,4,FALSE) | H6: 正常 | I6: 林子旺 | J6: ="监控综合应用平台"&YEAR(D6)&"月"&DAY(D6)&"日"&E6&"申请" | K6: =COUNTIF($B$2:B6,B6)-1 | L6: =IFERROR(VLOOKUP(B6,初始版本号!$A:$B,2,0),"未匹配软件") | M6: =IFERROR(LEFT(L6,FIND(".",L6)-1)+MID(L6,FIND(".",L6)+1,FIND(".",L6,FIND(".",L6)+1)-FIND(".",L6)-1)/10+RIGHT(L6,LEN(L6)-FIND(".",L6,FIND(".",L6)+1))/100,0) | N6: =IFERROR(M6+K6*0.01,0) | O6: =IF(N6=0,"无版本",INT(N6)&"."&INT(MOD(N6,1)*10)&"."&MOD(INT(MOD(N6,1)*10),10))
A7: 6 | B7: 省内工单服务 | C7: 1.0.0 | D7: 2026/5/7 22:00 | E7: 更新 | F7: 10.44.225.197、10.43.118.48、10.43.118.47、10.44.225.30、10.44.225.31、10.44.225.33 | G7: =VLOOKUP(B7,软件名称和目标IP!$B:$F,4,FALSE) | H7: 正常 | I7: 林子旺 | J7: ="监控综合应用平台"&YEAR(D7)&"月"&DAY(D7)&"日"&E7&"申请" | K7: =COUNTIF($B$2:B7,B7)-1 | L7: =IFERROR(VLOOKUP(B7,初始版本号!$A:$B,2,0),"未匹配软件") | M7: =IFERROR(LEFT(L7,FIND(".",L7)-1)+MID(L7,FIND(".",L7)+1,FIND(".",L7,FIND(".",L7)+1)-FIND(".",L7)-1)/10+RIGHT(L7,LEN(L7)-FIND(".",L7,FIND(".",L7)+1))/100,0) | N7: =IFERROR(M7+K7*0.01,0) | O7: =IF(N7=0,"无版本",INT(N7)&"."&INT(MOD(N7,1)*10)&"."&MOD(INT(MOD(N7,1)*10),10))
A8: 7 | B8: 智能调服务 | C8: 4.0.0 | D8: 2026/5/7 22:00 | E8: 更新 | F8: 10.46.102.85、10.46.102.86 | G8: =VLOOKUP(B8,软件名称和目标IP!$B:$F,4,FALSE) | H8: 正常 | I8: 林子旺 | J8: ="监控综合应用平台"&YEAR(D8)&"月"&DAY(D8)&"日"&E8&"申请" | K8: =COUNTIF($B$2:B8,B8)-1 | L8: =IFERROR(VLOOKUP(B8,初始版本号!$A:$B,2,0),"未匹配软件") | M8: =IFERROR(LEFT(L8,FIND(".",L8)-1)+MID(L8,FIND(".",L8)+1,FIND(".",L8,FIND(".",L8)+1)-FIND(".",L8)-1)/10+RIGHT(L8,LEN(L8)-FIND(".",L8,FIND(".",L8)+1))/100,0) | N8: =IFERROR(M8+K8*0.01,0) | O8: =IF(N8=0,"无版本",INT(N8)&"."&INT(MOD(N8,1)*10)&"."&MOD(INT(MOD(N8,1)*10),10))
A9: 8 | B9: 省内工单服务 | C9: 2.0.0 | D9: 2026/5/20 22:00 | E9: 更新 | F9: 10.44.225.197、10.43.118.48、10.43.118.47、10.44.225.30、10.44.225.31、10.44.225.33 | G9: =VLOOKUP(B9,软件名称和目标IP!$B:$F,4,FALSE) | H9: 正常 | I9: 林子旺 | J9: ="监控综合应用平台"&YEAR(D9)&"月"&DAY(D9)&"日"&E9&"申请" | K9: =COUNTIF($B$2:B9,B9)-1 | L9: =IFERROR(VLOOKUP(B9,初始版本号!$A:$B,2,0),"未匹配软件") | M9: =IFERROR(LEFT(L9,FIND(".",L9)-1)+MID(L9,FIND(".",L9)+1,FIND(".",L9,FIND(".",L9)+1)-FIND(".",L9)-1)/10+RIGHT(L9,LEN(L9)-FIND(".",L9,FIND(".",L9)+1))/100,0) | N9: =IFERROR(M9+K9*0.01,0) | O9: =IF(N9=0,"无版本",INT(N9)&"."&INT(MOD(N9,1)*10)&"."&MOD(INT(MOD(N9,1)*10),10))
A10: 9 | B10: 智能调服务 | C10: 5.0.0 | D10: 2026/5/20 22:00 | E10: 更新 | F10: 10.46.102.85、10.46.102.86 | G10: =VLOOKUP(B10,软件名称和目标IP!$B:$F,4,FALSE) | H10: 正常 | I10: 林子旺 | J10: ="监控综合应用平台"&YEAR(D10)&"月"&DAY(D10)&"日"&E10&"申请" | K10: =COUNTIF($B$2:B10,B10)-1 | L10: =IFERROR(VLOOKUP(B10,初始版本号!$A:$B,2,0),"未匹配软件") | M10: =IFERROR(LEFT(L10,FIND(".",L10)-1)+MID(L10,FIND(".",L10)+1,FIND(".",L10,FIND(".",L10)+1)-FIND(".",L10)-1)/10+RIGHT(L10,LEN(L10)-FIND(".",L10,FIND(".",L10)+1))/100,0) | N10: =IFERROR(M10+K10*0.01,0) | O10: =IF(N10=0,"无版本",INT(N10)&"."&INT(MOD(N10,1)*10)&"."&MOD(INT(MOD(N10,1)*10),10))

Sheet 初始版本号
A1: 软件名称 | B1: 初始化基准版本
A2: nacos | B2: 2.5.2
A3: 事件查询服务 | B3: 1.1.5
A4: 产品重定义服务 | B4: 1.1.5
A5: 分级调服务 | B5: 1.1.7
A6: 告警数据采集 | B6: 1.1.5
A7: 复盘服务 | B7: 1.1.0
A8: 实例化 es 入库 | B8: 1.1.5
A9: 智能调服务 | B9: 1.1.7
A10: 省内工单服务 | B10: 1.4.6
A11: 移动易运维 | B11: 1.1.1
A12: 规则匹配服务 | B12: 1.1.5
... A14: 集团工单服务 | B14: 1.1.1

Sheet 软件名称和目标IP
A1: 序号 | B1: 软件名称 | C1: 目标IP | D1: 操作人员 | E1: 验证人员 | F1: 版本号
A2: 1 | B2: nacos | C2: 10.43.52.58、10.43.52.59、10.43.149.199 | D2: 张保全 | E2: 林子旺 | F2: 2.5.2
A3: 2 | B3: 事件查询服务 | C3: 10.43.118.45、10.43.118.46、10.44.225.116 | D3: 高胜永 | E3: 林子旺 | F3: 1.1.5
A4: 3 | B4: 产品重定义服务 | C4: 10.43.118.45、10.43.118.46、10.44.225.116 | D4: 高胜永 | E4: 林子旺 | F4: 1.1.5
A5: 4 | B5: 分级调服务 | C5: 10.43.52.51、10.43.52.52、10.43.52.53、10.43.52.54 | D5: 高胜永 | E5: 林子旺 | F5: 1.1.7
A6: 5 | B6: 告警数据采集 | C6: 10.43.118.45、10.43.118.46、10.44.225.116 | D6: 高胜永 | E6: 林子旺 | F6: 1.1.5
A7: 6 | B7: 复盘服务 | C7: 10.44.225.30、10.44.225.31、10.44.225.33、10.46.102.83、10.46.102.84 | D7: 金文辉 | E7: 林子旺 | F7: 1.1.0
A8: 7 | B8: 实例化 es 入库 | C8: 10.43.118.45、10.43.118.46、10.44.225.116 | D8: 高胜永 | E8: 林子旺 | F8: 1.1.5
A9: 8 | B9: 智能调服务 | C9: 10.46.102.85、10.46.102.86 | D9: 李金山 | E9: 林子旺 | F9: 1.1.7
A10: 9 | B10: 省内工单服务 | C10: 10.44.225.197、10.43.118.48、10.43.118.47、10.44.225.30、10.44.225.31、10.44.225.33 | D10: 姚翔 | E10: 林子旺 | F10: 1.4.6
A11: 10 | B11: 移动易运维 | C11: 10.43.52.58、10.43.52.59、10.43.149.199 | D11: 张保全 | E11: 林子旺 | F11: 1.1.1
A12: 11 | B12: 规则匹配服务 | C12: 10.43.118.45、10.43.118.46、10.44.225.116 | D12: 高胜永 | E12: 林子旺 | F12: 1.1.5
A13: 12 | B13: 重定义服务 | C13: 10.43.118.45、10.43.118.46、10.44.225.116 | D13: 高胜永 | E13: 林子旺 | F13: 1.1.5
A14: 13 | B14: 集团工单服务 | C14: 10.44.225.32、10.44.225.39、10.46.102.90、10.46.102.91、10.46.102.92 | D14: 金文辉 | E14: 林子旺 | F14: 1.1.1
